	sample	seq_type	#FusionName	JunctionReadCount	SpanningFragCount	FFPM
0	MO_1008-Tumor_Dura	tcap	EIF4A2--ETV5	137	0	2.5101
1	MO_1012-Tumor-Subcutaneous_nodule	polyA				
2	MO_1013-Tumor	polyA				
3	MO_1014-Tumor	polyA				
4	MO_1015-Tumor	tcap	TMPRSS2--ERG	117	0	2.8226
5	MO_1020-Tumor	polyA				
6	MO_1040-Tumor	tcap	TMPRSS2--ERG	760	0	11.4192
7	MO_1054-Tumor	tcap	TMPRSS2--ETV4	2692	0	37.2371
8	MO_1071-Tumor	tcap	TMPRSS2--ERG	305	0	3.5344
9	MO_1074-Tumor	tcap	RARA--SEPT9	39	0	0.4331
10	MO_1084-Tumor	tcap	TMPRSS2--ERG	703	0	11.3932
11	MO_1094-Tumor	tcap	TMPRSS2--ERG	34	0	0.6712
12	MO_1094-Tumor	tcap	KIAA1549--BRAF	33	0	0.6515
13	MO_1095-Tumor	tcap	TMPRSS2--ERG	172	0	4.0466
14	MO_1096-Tumor	tcap				
15	MO_1114-Tumor	tcap	TMPRSS2--ERG	58	0	1.0184
16	MO_1118-TM	tcap	TMPRSS2--ERG	13	0	0.2646
17	MO_1124-Tumor	tcap	TMPRSS2--ERG	48	0	1.0308
18	MO_1128-Tumor	polyA				
19	MO_1130-Tumor	tcap				
20	MO_1161-TM	tcap	TMPRSS2--ERG	94	0	1.9667
21	MO_1162-Tumor	tcap				
22	MO_1176-Tumor	tcap	TMPRSS2--ERG	61	0	2.7087
23	MO_1179-Tumor	tcap	TMPRSS2--ERG	88	0	2.593
24	MO_1184-Tumor	tcap				
25	MO_1192-Tumor	tcap	TMPRSS2--ERG	158	0	4.7792
26	MO_1202-Tumor	tcap	TMPRSS2--ERG	75	0	1.3468
27	MO_1215-Tumor	tcap				
28	MO_1219-Tumor	tcap				
29	MO_1232-Tumor	tcap				
30	MO_1241-Tumor	tcap	TMPRSS2--ERG	147	0	3.8609
31	MO_1244-Tumor	tcap	TMPRSS2--ERG	210	0	3.9541
32	MO_1249-Tumor	tcap	TMPRSS2--ERG	239	0	4.9216
33	MO_1262-Tumor	tcap	TMPRSS2--ETV4	608	0	11.982000000000001
34	MO_1277-TM	tcap	TMPRSS2--ERG	215	0	3.9819999999999998
35	MO_1316-TM	tcap	TMPRSS2--ERG	245	0	4.3042
36	MO_1337-TM	tcap	TMPRSS2--ERG	54	0	1.1417
37	MO_1339-TM	tcap				
38	MO_1410-Tumor	tcap	TMPRSS2--ERG	14	0	0.3288
39	MO_1421_Tumor	tcap				
40	MO_1447_Tumor	tcap	TMPRSS2--ERG	110	0	2.2663
41	MO_1460_Tumor	tcap				
42	MO_1473_Tumor	tcap	TMPRSS2--ERG	82	0	1.8522
43	PM119-TM	polyA	TMPRSS2--ERG	22	0	0.5757
44	PM139-TM	polyA				
45	PM14-TM	polyA				
46	PM155-TM	polyA				
47	PM158-TM	polyA				
48	PM159-TM	polyA				
49	PM161-TM	polyA	TMPRSS2--ERG	11	0	0.3367
50	PM163-TM	polyA				
51	PM170-TM	polyA				
52	PM172-TM	polyA				
53	PM189-TM	polyA				
54	PM2-TM	polyA				
55	PM90-TM	polyA				
56	PRAD-06115124-Tumor-SM-7LGU1	polyA				
57	PRAD-2A-A8VL-TP	polyA	TMPRSS2--ERG	9	55	1.1163
58	PRAD-2A-A8VO-TP	polyA				
59	PRAD-2A-A8VT-TP	polyA	TMPRSS2--ERG	113	115	3.491
60	PRAD-2A-A8VV-TP	polyA	TMPRSS2--ERG	35	98	2.2047
61	PRAD-2A-A8VX-TP	polyA				
62	PRAD-2A-A8W1-TP	polyA				
63	PRAD-2A-A8W3-TP	polyA	SLC45A3--ETV1	280	1173	21.8588
64	PRAD-2A-AAYF-TP	polyA				
65	PRAD-2A-AAYO-TP	polyA				
66	PRAD-2A-AAYU-TP	polyA	TMPRSS2--ERG	177	856	17.3194
67	PRAD-4L-AA1F-TP	polyA	TMPRSS2--ERG	26	88	1.7037
68	PRAD-6115381.0-Tumor-SM-7LGU3	polyA				
69	PRAD-6115385.0-Tumor-SM-7LGU7	polyA				
70	PRAD-6115388.0-Tumor-SM-7LGUA	polyA	TMPRSS2--ETV4	105	0	2.6745
71	PRAD-6115390.0-Tumor-SM-7LGUC	polyA				
72	PRAD-6115391.0-Tumor-SM-7LGUD	polyA	TMPRSS2--ERG	23	0	0.58
73	PRAD-6115393.0-Tumor-SM-7LGUF	polyA				
74	PRAD-6115395.0-Tumor-SM-7LGUH	polyA	TMPRSS2--ERG	23	0	0.6051
75	PRAD-6115396.0-Tumor-SM-7LGUI	polyA				
76	PRAD-6115397.0-Tumor-SM-7LGUJ	polyA				
77	PRAD-6115398.0-Tumor-SM-7LGUK	polyA	TMPRSS2--ERG	8	0	0.2047
78	PRAD-6115399.0-Tumor-SM-7LGUL	polyA				
79	PRAD-6115400.0-Tumor-SM-7LGUM	polyA	TMPRSS2--ERG	51	0	1.1579
80	PRAD-6115402.0-Tumor-SM-7LGUP	polyA				
81	PRAD-CH-5737-TP	polyA				
82	PRAD-CH-5738-TP	polyA				
83	PRAD-CH-5739-TP	polyA	TMPRSS2--ERG	111	52	2.4712
84	PRAD-CH-5740-TP	polyA	TMPRSS2--ERG	28	87	2.343
85	PRAD-CH-5740-TP	polyA	THRAP3--RPN1	3	6	0.1833
86	PRAD-CH-5741-TP	polyA	TMPRSS2--ERG	98	310	7.3773
87	PRAD-CH-5743-TP	polyA				
88	PRAD-CH-5744-TP	polyA	TMPRSS2--ERG	124	96	1.771
89	PRAD-CH-5745-TP	polyA				
90	PRAD-CH-5746-TP	polyA	TMPRSS2--ERG	59	22	0.9815
91	PRAD-CH-5748-TP	polyA				
92	PRAD-CH-5750-TP	polyA				
93	PRAD-CH-5751-TP	polyA				
94	PRAD-CH-5752-TP	polyA	TMPRSS2--ERG	69	156	2.8597
95	PRAD-CH-5753-TP	polyA				
96	PRAD-CH-5754-TP	polyA	TMPRSS2--ERG	110	99	1.621
97	PRAD-CH-5761-TP	polyA				
98	PRAD-CH-5762-TP	polyA				
99	PRAD-CH-5763-TP	polyA	TMPRSS2--ETV4	52	10	0.9902
100	PRAD-CH-5764-TP	polyA	TMPRSS2--ERG	41	16	1.7442
101	PRAD-CH-5765-TP	polyA	TMPRSS2--ERG	133	24	1.9567
102	PRAD-CH-5766-TP	polyA				
103	PRAD-CH-5767-TP	polyA				
104	PRAD-CH-5768-TP	polyA	TMPRSS2--ERG	58	34	1.1315
105	PRAD-CH-5769-TP	polyA	TMPRSS2--ERG	36	81	1.901
106	PRAD-CH-5771-TP	polyA				
107	PRAD-CH-5772-TP	polyA				
108	PRAD-CH-5788-TP	polyA				
109	PRAD-CH-5789-TP	polyA	TMPRSS2--ERG	16	79	1.6647
110	PRAD-CH-5790-TP	polyA	TMPRSS2--ERG	95	49	2.8481
111	PRAD-CH-5791-TP	polyA	TMPRSS2--ERG	45	27	1.6179
112	PRAD-CH-5792-TP	polyA				
113	PRAD-CH-5794-TP	polyA	TMPRSS2--ERG	104	74	2.0364
114	PRAD-DFCI.11-104.15-Tumor-SM-3S2HH	polyA				
115	PRAD-EJ-5494-TP	polyA				
116	PRAD-EJ-5495-TP	polyA	TMPRSS2--ERG	69	35	1.3129
117	PRAD-EJ-5496-TP	polyA	TMPRSS2--ERG	115	35	2.6316
118	PRAD-EJ-5498-TP	polyA	TMPRSS2--ERG	32	11	0.9079999999999999
119	PRAD-EJ-5499-TP	polyA	TMPRSS2--ERG	52	131	2.3998
120	PRAD-EJ-5501-TP	polyA	TMPRSS2--ETV1	279	342	5.626
121	PRAD-EJ-5502-TP	polyA	TMPRSS2--ERG	57	325	3.4261
122	PRAD-EJ-5503-TP	polyA	TMPRSS2--ERG	18	3	0.1973
123	PRAD-EJ-5504-TP	polyA				
124	PRAD-EJ-5505-TP	polyA				
125	PRAD-EJ-5506-TP	polyA	TMPRSS2--ERG	6	16	0.2729
126	PRAD-EJ-5507-TP	polyA	TMPRSS2--ERG	100	48	1.9709999999999999
127	PRAD-EJ-5507-TP	polyA	TBL1XR1--PIK3CA	11	17	0.3729
128	PRAD-EJ-5508-TP	polyA	TMPRSS2--ERG	44	15	1.1508
129	PRAD-EJ-5509-TP	polyA				
130	PRAD-EJ-5510-TP	polyA				
131	PRAD-EJ-5511-TP	polyA	STAT3--ETV4	134	431	5.2677
132	PRAD-EJ-5512-TP	polyA	TMPRSS2--ERG	13	9	0.4603
133	PRAD-EJ-5514-TP	polyA				
134	PRAD-EJ-5515-TP	polyA				
135	PRAD-EJ-5516-TP	polyA	TMPRSS2--ERG	135	41	2.9312
136	PRAD-EJ-5517-TP	polyA				
137	PRAD-EJ-5518-TP	polyA				
138	PRAD-EJ-5519-TP	polyA				
139	PRAD-EJ-5521-TP	polyA	TMPRSS2--ERG	45	196	2.4859999999999998
140	PRAD-EJ-5522-TP	polyA	TMPRSS2--ERG	81	40	1.2756
141	PRAD-EJ-5524-TP	polyA	TMPRSS2--ERG	107	49	2.276
142	PRAD-EJ-5525-TP	polyA	TMPRSS2--ERG	28	93	2.8851
143	PRAD-EJ-5526-TP	polyA	TMPRSS2--ERG	96	285	4.8013
144	PRAD-EJ-5527-TP	polyA	TMPRSS2--ERG	117	31	1.6093
145	PRAD-EJ-5527-TP	polyA	NOTCH2--PDE4DIP	5	6	0.1196
146	PRAD-EJ-5530-TP	polyA	TMPRSS2--ERG	92	301	4.1236
147	PRAD-EJ-5531-TP	polyA				
148	PRAD-EJ-5532-TP	polyA				
149	PRAD-EJ-5542-TP	polyA	TMPRSS2--ERG	95	19	1.4588
150	PRAD-EJ-7115-TP	polyA				
151	PRAD-EJ-7123-TP	polyA				
152	PRAD-EJ-7125-TP	polyA				
153	PRAD-EJ-7218-TP	polyA				
154	PRAD-EJ-7314-TP	polyA	NDRG1--ERG	44	230	3.5259
155	PRAD-EJ-7315-TP	polyA	TMPRSS2--ERG	15	112	1.4263
156	PRAD-EJ-7317-TP	polyA				
157	PRAD-EJ-7318-TP	polyA				
158	PRAD-EJ-7321-TP	polyA	TMPRSS2--ERG	196	61	4.0265
159	PRAD-EJ-7327-TP	polyA	TMPRSS2--ERG	66	290	4.1804
160	PRAD-EJ-7328-TP	polyA	TMPRSS2--ERG	33	19	0.7469
161	PRAD-EJ-7331-TP	polyA				
162	PRAD-EJ-7781-TP	polyA				
163	PRAD-EJ-7782-TP	polyA				
164	PRAD-EJ-7783-TP	polyA	TMPRSS2--ERG	76	67	1.6046
165	PRAD-EJ-7784-TP	polyA	TMPRSS2--ERG	27	143	2.0991
166	PRAD-EJ-7785-TP	polyA	TMPRSS2--ERG	78	76	1.7127
167	PRAD-EJ-7786-TP	polyA				
168	PRAD-EJ-7788-TP	polyA	TMPRSS2--ETV1	125	1424	19.1527
169	PRAD-EJ-7789-TP	polyA				
170	PRAD-EJ-7791-TP	polyA				
171	PRAD-EJ-7792-TP	polyA				
172	PRAD-EJ-7793-TP	polyA	TMPRSS2--ERG	35	92	1.8749
173	PRAD-EJ-7793-TP	polyA	ERG--TMPRSS2	2	13	0.2214
174	PRAD-EJ-7794-TP	polyA				
175	PRAD-EJ-7797-TP	polyA	TMPRSS2--ERG	178	62	3.1896
176	PRAD-EJ-8468-TP	polyA				
177	PRAD-EJ-8469-TP	polyA	TMPRSS2--ERG	37	104	4.8045
178	PRAD-EJ-8470-TP	polyA				
179	PRAD-EJ-8472-TP	polyA	TMPRSS2--ERG	97	56	1.9141
180	PRAD-EJ-8472-TP	polyA	SUZ12--NF1	1	13	0.1751
181	PRAD-EJ-8474-TP	polyA				
182	PRAD-EJ-A46B-TP	polyA				
183	PRAD-EJ-A46D-TP	polyA	TMPRSS2--ERG	80	23	1.8735
184	PRAD-EJ-A46E-TP	polyA				
185	PRAD-EJ-A46F-TP	polyA	TMPRSS2--ERG	12	14	0.4758
186	PRAD-EJ-A46G-TP	polyA				
187	PRAD-EJ-A46I-TP	polyA				
188	PRAD-EJ-A65B-TP	polyA				
189	PRAD-EJ-A65D-TP	polyA	TMPRSS2--ERG	37	16	0.6929
190	PRAD-EJ-A65D-TP	polyA	ERG--TMPRSS2	5	7	0.1569
191	PRAD-EJ-A65E-TP	polyA				
192	PRAD-EJ-A65F-TP	polyA	TMPRSS2--ERG	56	30	1.4187
193	PRAD-EJ-A65G-TP	polyA				
194	PRAD-EJ-A65J-TP	polyA				
195	PRAD-EJ-A65M-TP	polyA				
196	PRAD-EJ-A6RA-TP	polyA				
197	PRAD-EJ-A6RC-TP	polyA				
198	PRAD-EJ-A7NF-TP	polyA	TMPRSS2--ERG	77	21	1.5567
199	PRAD-EJ-A7NH-TP	polyA				
200	PRAD-EJ-A7NK-TP	polyA	TMPRSS2--ERG	1	8	0.1689
201	PRAD-EJ-A7NM-TP	polyA				
202	PRAD-EJ-A7NN-TP	polyA				
203	PRAD-EJ-A8FN-TP	polyA				
204	PRAD-EJ-A8FO-TP	polyA	TMPRSS2--ERG	36	187	3.2234
205	PRAD-EJ-A8FP-TP	polyA				
206	PRAD-EJ-A8FU-TP	polyA				
207	PRAD-EJ-AB20-TP	polyA				
208	PRAD-EJ-AB27-TP	polyA				
209	PRAD-FC-7708-TP	polyA	TMPRSS2--ERG	19	94	1.5245
210	PRAD-FC-7961-TP	polyA				
211	PRAD-FC-A4JI-TP	polyA				
212	PRAD-FC-A5OB-TP	polyA				
213	PRAD-FC-A66V-TP	polyA				
214	PRAD-FC-A6HD-TP	polyA	TMPRSS2--BRAF	35	189	4.0618
215	PRAD-FC-A8O0-TP	polyA				
216	PRAD-G9-6329-TP	polyA	TMPRSS2--ERG	219	933	13.5999
217	PRAD-G9-6332-TP	polyA	TMPRSS2--ERG	62	293	5.6573
218	PRAD-G9-6333-TP	polyA				
219	PRAD-G9-6336-TP	polyA	TMPRSS2--ERG	11	3	0.2469
220	PRAD-G9-6338-TP	polyA				
221	PRAD-G9-6339-TP	polyA				
222	PRAD-G9-6342-TP	polyA	TMPRSS2--ERG	143	93	3.1853
223	PRAD-G9-6343-TP	polyA				
224	PRAD-G9-6347-TP	polyA				
225	PRAD-G9-6348-TP	polyA				
226	PRAD-G9-6351-TP	polyA	SLC45A3--ERG	43	192	3.0003
227	PRAD-G9-6351-TP	polyA	TMPRSS2--ERG	5	21	0.3319
228	PRAD-G9-6353-TP	polyA	TMPRSS2--ERG	5	20	0.3109
229	PRAD-G9-6354-TP	polyA	TMPRSS2--ERG	16	55	1.2643
230	PRAD-G9-6356-TP	polyA	TMPRSS2--ERG	12	7	0.2543
231	PRAD-G9-6361-TP	polyA	TMPRSS2--ERG	44	18	0.7281
232	PRAD-G9-6362-TP	polyA	TMPRSS2--ERG	12	5	0.2962
233	PRAD-G9-6363-TP	polyA	TMPRSS2--ERG	17	5	0.8073
234	PRAD-G9-6364-TP	polyA	TMPRSS2--ERG	8	8	0.1496
235	PRAD-G9-6365-TP	polyA	TMPRSS2--ERG	16	32	0.5853
236	PRAD-G9-6366-TP	polyA				
237	PRAD-G9-6367-TP	polyA				
238	PRAD-G9-6369-TP	polyA				
239	PRAD-G9-6370-TP	polyA				
240	PRAD-G9-6371-TP	polyA	TMPRSS2--ETV4	666	356	11.919
241	PRAD-G9-6373-TP	polyA	TMPRSS2--ERG	23	6	0.3888
242	PRAD-G9-6377-TP	polyA	TMPRSS2--ERG	27	18	0.5926
243	PRAD-G9-6378-TP	polyA				
244	PRAD-G9-6379-TP	polyA				
245	PRAD-G9-6385-TP	polyA	TMPRSS2--ERG	17	8	0.3119
246	PRAD-G9-6494-TP	polyA				
247	PRAD-G9-6496-TP	polyA				
248	PRAD-G9-6498-TP	polyA				
249	PRAD-G9-6499-TP	polyA				
250	PRAD-G9-7510-TP	polyA				
251	PRAD-G9-7519-TP	polyA				
252	PRAD-G9-7521-TP	polyA				
253	PRAD-G9-7522-TP	polyA	SLC45A3--ERG	67	252	3.3705
254	PRAD-G9-7523-TP	polyA				
255	PRAD-G9-7525-TP	polyA	TMPRSS2--ERG	25	12	0.4911
256	PRAD-G9-A9S0-TP	polyA				
257	PRAD-G9-A9S4-TP	polyA	TMPRSS2--ERG	19	27	0.637
258	PRAD-G9-A9S7-TP	polyA	TMPRSS2--ERG	117	147	4.0022
259	PRAD-G9-A9S7-TP	polyA	TMPRSS2--KLF4	8	18	0.3942
260	PRAD-H9-7775-TP	polyA				
261	PRAD-H9-A6BX-TP	polyA				
262	PRAD-H9-A6BY-TP	polyA	TMPRSS2--ERG	27	50	1.074
263	PRAD-HC-7075-TP	polyA				
264	PRAD-HC-7077-TP	polyA	TMPRSS2--ETV4	525	1301	22.8924
265	PRAD-HC-7077-TP	polyA	TMPRSS2--ERG	49	22	0.8901
266	PRAD-HC-7078-TP	polyA				
267	PRAD-HC-7079-TP	polyA	TMPRSS2--ETV4	1	8	0.1233
268	PRAD-HC-7080-TP	polyA				
269	PRAD-HC-7081-TP	polyA	TMPRSS2--ERG	74	33	2.0971
270	PRAD-HC-7209-TP	polyA	TMPRSS2--ERG	84	54	2.0552
271	PRAD-HC-7210-TP	polyA				
272	PRAD-HC-7211-TP	polyA				
273	PRAD-HC-7212-TP	polyA	TMPRSS2--ERG	80	198	3.4754
274	PRAD-HC-7213-TP	polyA	TMPRSS2--ERG	109	63	2.4049
275	PRAD-HC-7230-TP	polyA	TMPRSS2--ERG	47	141	2.3031
276	PRAD-HC-7231-TP	polyA	TMPRSS2--ERG	116	44	2.1637
277	PRAD-HC-7232-TP	polyA	TMPRSS2--ERG	53	100	2.0008
278	PRAD-HC-7233-TP	polyA				
279	PRAD-HC-7736-TP	polyA				
280	PRAD-HC-7737-TP	polyA				
281	PRAD-HC-7738-TP	polyA				
282	PRAD-HC-7740-TP	polyA				
283	PRAD-HC-7742-TP	polyA				
284	PRAD-HC-7744-TP	polyA	TMPRSS2--ERG	31	119	2.0627
285	PRAD-HC-7745-TP	polyA				
286	PRAD-HC-7747-TP	polyA	TMPRSS2--ERG	32	9	0.6367
287	PRAD-HC-7747-TP	polyA	ERG--TMPRSS2	2	7	0.1398
288	PRAD-HC-7748-TP	polyA	SLC45A3--ERG	122	602	7.2907
289	PRAD-HC-7749-TP	polyA				
290	PRAD-HC-7750-TP	polyA				
291	PRAD-HC-7752-TP	polyA				
292	PRAD-HC-7817-TP	polyA				
293	PRAD-HC-7818-TP	polyA	TMPRSS2--ETV1	150	951	13.5509
294	PRAD-HC-7818-TP	polyA	TMPRSS2--ERG	8	8	0.19699999999999998
295	PRAD-HC-7819-TP	polyA	TMPRSS2--ERG	94	60	2.1483
296	PRAD-HC-7820-TP	polyA	SLC45A3--ERG	56	259	4.2274
297	PRAD-HC-7821-TP	polyA	SLC45A3--ERG	54	179	3.0799
298	PRAD-HC-8213-TP	polyA	TMPRSS2--ERG	20	16	0.6309
299	PRAD-HC-8216-TP	polyA				
300	PRAD-HC-8256-TP	polyA				
301	PRAD-HC-8257-TP	polyA	TMPRSS2--ERG	30	96	1.8030000000000002
302	PRAD-HC-8258-TP	polyA				
303	PRAD-HC-8259-TP	polyA	TMPRSS2--ERG	51	41	1.1439
304	PRAD-HC-8260-TP	polyA	TMPRSS2--ERG	38	11	0.5345
305	PRAD-HC-8261-TP	polyA				
306	PRAD-HC-8262-TP	polyA	TMPRSS2--ERG	30	151	2.0998
307	PRAD-HC-8264-TP	polyA				
308	PRAD-HC-8265-TP	polyA				
309	PRAD-HC-8266-TP	polyA				
310	PRAD-HC-A48F-TP	polyA	TMPRSS2--ERG	54	27	1.3167
311	PRAD-HC-A4ZV-TP	polyA				
312	PRAD-HC-A631-TP	polyA				
313	PRAD-HC-A632-TP	polyA	TMPRSS2--ERG	24	86	1.9741
314	PRAD-HC-A6AL-TP	polyA				
315	PRAD-HC-A6AN-TP	polyA	SLC45A3--ERG	55	215	4.3696
316	PRAD-HC-A6AO-TP	polyA				
317	PRAD-HC-A6AP-TP	polyA				
318	PRAD-HC-A6AQ-TP	polyA	SLC45A3--ETV1	9	34	0.6193
319	PRAD-HC-A6AS-TP	polyA				
320	PRAD-HC-A6HX-TP	polyA				
321	PRAD-HC-A6HY-TP	polyA	TMPRSS2--ERG	39	25	1.0757
322	PRAD-HC-A76W-TP	polyA				
323	PRAD-HC-A76X-TP	polyA	TMPRSS2--ERG	100	344	4.7091
324	PRAD-HC-A8CY-TP	polyA	SLC45A3--ETV1	254	934	16.3127
325	PRAD-HC-A8D0-TP	polyA	TMPRSS2--ERG	23	35	1.1582
326	PRAD-HC-A8D1-TP	polyA	TMPRSS2--ERG	57	40	1.7859
327	PRAD-HC-A9TE-TP	polyA				
328	PRAD-HC-A9TH-TP	polyA				
329	PRAD-HI-7168-TP	polyA				
330	PRAD-HI-7169-TP	polyA				
331	PRAD-HI-7170-TP	polyA				
332	PRAD-HI-7171-TP	polyA	TMPRSS2--ERG	51	117	1.4394
333	PRAD-J4-8198-TP	polyA	TMPRSS2--ERG	91	24	1.2946
334	PRAD-J4-8200-TP	polyA				
335	PRAD-J4-A67K-TP	polyA	TMPRSS2--ERG	22	62	1.1851
336	PRAD-J4-A67L-TP	polyA	TMPRSS2--ERG	9	6	0.2123
337	PRAD-J4-A67M-TP	polyA				
338	PRAD-J4-A67N-TP	polyA	TMPRSS2--ERG	4	3	0.1202
339	PRAD-J4-A67O-TP	polyA				
340	PRAD-J4-A67Q-TP	polyA				
341	PRAD-J4-A67R-TP	polyA	TMPRSS2--ERG	11	3	0.2351
342	PRAD-J4-A67S-TP	polyA	TMPRSS2--ERG	48	34	1.0144
343	PRAD-J4-A67T-TP	polyA	TMPRSS2--ERG	12	10	0.3424
344	PRAD-J4-A6G1-TP	polyA	TMPRSS2--ERG	21	9	0.4978
345	PRAD-J4-A6G3-TP	polyA				
346	PRAD-J4-A6M7-TP	polyA	TMPRSS2--ERG	77	158	3.2977
347	PRAD-J4-A83I-TP	polyA	TMPRSS2--ERG	137	81	2.8703
348	PRAD-J4-A83J-TP	polyA	TMPRSS2--ERG	5	11	0.2391
349	PRAD-J4-AATV-TP	polyA	TMPRSS2--ERG	2	9	0.166
350	PRAD-J4-AATZ-TP	polyA				
351	PRAD-J4-AAU2-TP	polyA				
352	PRAD-J9-A52B-TP	polyA	TMPRSS2--ERG	42	262	6.199
353	PRAD-J9-A52C-TP	polyA				
354	PRAD-J9-A52D-TP	polyA				
355	PRAD-J9-A52E-TP	polyA	TMPRSS2--ERG	2	8	0.1939
356	PRAD-J9-A8CK-TP	polyA	TMPRSS2--ERG	186	148	5.2867
357	PRAD-J9-A8CL-TP	polyA				
358	PRAD-J9-A8CM-TP	polyA	TMPRSS2--ERG	24	43	1.24
359	PRAD-J9-A8CN-TP	polyA				
360	PRAD-KC-A4BL-TP	polyA				
361	PRAD-KC-A4BN-TP	polyA	TMPRSS2--ERG	14	17	0.6355
362	PRAD-KC-A4BN-TP	polyA	HMGN2P46--TMPRSS2	4	26	0.615
363	PRAD-KC-A4BR-TP	polyA	TMPRSS2--ERG	21	18	0.6138
364	PRAD-KC-A4BV-TP	polyA	TMPRSS2--ERG	38	44	1.7177
365	PRAD-KC-A7F3-TP	polyA				
366	PRAD-KC-A7F5-TP	polyA				
367	PRAD-KC-A7F6-TP	polyA	TMPRSS2--ERG	54	27	1.4272
368	PRAD-KC-A7FA-TP	polyA				
369	PRAD-KC-A7FD-TP	polyA	TMPRSS2--ETV4	192	550	10.4429
370	PRAD-KC-A7FE-TP	polyA				
371	PRAD-KK-A59V-TP	polyA				
372	PRAD-KK-A59X-TP	polyA				
373	PRAD-KK-A59Y-TP	polyA	TMPRSS2--ERG	27	21	0.9657
374	PRAD-KK-A59Z-TP	polyA				
375	PRAD-KK-A5A1-TP	polyA				
376	PRAD-KK-A6DY-TP	polyA	TMPRSS2--ERG	34	288	4.7467
377	PRAD-KK-A6E0-TP	polyA				
378	PRAD-KK-A6E1-TP	polyA	TMPRSS2--ERG	94	143	4.2029
379	PRAD-KK-A6E2-TP	polyA	TMPRSS2--ERG	108	345	6.9921
380	PRAD-KK-A6E4-TP	polyA	TMPRSS2--ERG	23	15	0.5477
381	PRAD-KK-A6E5-TP	polyA				
382	PRAD-KK-A6E6-TP	polyA	TMPRSS2--ERG	39	32	1.2327
383	PRAD-KK-A6E7-TP	polyA				
384	PRAD-KK-A6E8-TP	polyA				
385	PRAD-KK-A7AP-TP	polyA	SLC45A3--ETV1	175	826	13.7697
386	PRAD-KK-A7AQ-TP	polyA				
387	PRAD-KK-A7AU-TP	polyA	TMPRSS2--ERG	77	32	1.5567
388	PRAD-KK-A7AY-TP	polyA				
389	PRAD-KK-A7AZ-TP	polyA	TMPRSS2--ETV5	61	173	3.1764
390	PRAD-KK-A7B0-TP	polyA				
391	PRAD-KK-A7B1-TP	polyA	TMPRSS2--ERG	72	151	2.803
392	PRAD-KK-A7B2-TP	polyA	TMPRSS2--ERG	15	62	1.4321
393	PRAD-KK-A7B3-TP	polyA				
394	PRAD-KK-A8I4-TP	polyA	TMPRSS2--ERG	37	19	0.8318
395	PRAD-KK-A8I5-TP	polyA	SLC45A3--ERG	31	133	3.2888
396	PRAD-KK-A8I6-TP	polyA	NDRG1--ERG	34	144	2.5337
397	PRAD-KK-A8I7-TP	polyA				
398	PRAD-KK-A8I8-TP	polyA	TMPRSS2--ERG	35	32	1.3651
399	PRAD-KK-A8I9-TP	polyA	HMGN2P46--HSP90AA1	1	12	0.2429
400	PRAD-KK-A8IA-TP	polyA	TMPRSS2--ERG	62	37	1.2656
401	PRAD-KK-A8IB-TP	polyA				
402	PRAD-KK-A8IC-TP	polyA	TMPRSS2--ERG	63	101	2.4777
403	PRAD-KK-A8ID-TP	polyA				
404	PRAD-KK-A8IF-TP	polyA				
405	PRAD-KK-A8IG-TP	polyA				
406	PRAD-KK-A8IH-TP	polyA	TMPRSS2--ERG	41	209	5.797999999999999
407	PRAD-KK-A8II-TP	polyA	TMPRSS2--ERG	88	88	2.4214
408	PRAD-KK-A8IJ-TP	polyA				
409	PRAD-KK-A8IK-TP	polyA				
410	PRAD-KK-A8IL-TP	polyA				
411	PRAD-KK-A8IM-TP	polyA	TMPRSS2--ERG	37	33	1.1422
412	PRAD-M7-A71Y-TP	polyA	SLC45A3--ETV1	26	156	3.8319
413	PRAD-M7-A71Z-TP	polyA	TMPRSS2--ERG	38	26	1.0307
414	PRAD-M7-A720-TP	polyA				
415	PRAD-M7-A722-TP	polyA				
416	PRAD-M7-A724-TP	polyA				
417	PRAD-MG-AAMC-TP	polyA	TMPRSS2--ERG	111	59	3.3925
418	PRAD-QU-A6IL-TP	polyA				
419	PRAD-QU-A6IM-TP	polyA				
420	PRAD-QU-A6IN-TP	polyA	TMPRSS2--ERG	13	14	0.41700000000000004
421	PRAD-QU-A6IO-TP	polyA				
422	PRAD-QU-A6IP-TP	polyA	TMPRSS2--ERG	17	15	0.6182
423	PRAD-SU-A7E7-TP	polyA				
424	PRAD-TK-A8OK-TP	polyA				
425	PRAD-TP-A8TT-TP	polyA	TMPRSS2--ERG	22	56	2.0461
426	PRAD-TP-A8TV-TP	polyA				
427	PRAD-V1-A8MF-TP	polyA				
428	PRAD-V1-A8MG-TP	polyA				
429	PRAD-V1-A8MJ-TP	polyA				
430	PRAD-V1-A8MK-TP	polyA	TMPRSS2--ERG	2	11	0.2079
431	PRAD-V1-A8ML-TP	polyA				
432	PRAD-V1-A8MM-TP	polyA				
433	PRAD-V1-A8MU-TP	polyA				
434	PRAD-V1-A8WL-TP	polyA				
435	PRAD-V1-A8WN-TP	polyA				
436	PRAD-V1-A8WS-TP	polyA	TMPRSS2--ERG	36	205	2.8856
437	PRAD-V1-A8WS-TP	polyA	ERG--TMPRSS2	6	6	0.1436
438	PRAD-V1-A8WV-TP	polyA				
439	PRAD-V1-A8WW-TP	polyA	NDRG1--ERG	40	158	3.3033
440	PRAD-V1-A8X3-TP	polyA				
441	PRAD-V1-A9O5-TP	polyA	KLK2--FGFR2	234	860	14.5914
442	PRAD-V1-A9O7-TP	polyA				
443	PRAD-V1-A9O9-TP	polyA	TMPRSS2--ERG	144	452	7.8211
444	PRAD-V1-A9OA-TP	polyA				
445	PRAD-V1-A9OF-TP	polyA				
446	PRAD-V1-A9OH-TP	polyA				
447	PRAD-V1-A9OL-TP	polyA				
448	PRAD-V1-A9OQ-TP	polyA				
449	PRAD-V1-A9OT-TP	polyA				
450	PRAD-V1-A9OX-TP	polyA				
451	PRAD-V1-A9OY-TP	polyA	TMPRSS2--ERG	18	11	0.5186
452	PRAD-V1-A9OY-TP	polyA	AFDN--SYK	2	4	0.1073
453	PRAD-V1-A9Z7-TP	polyA				
454	PRAD-V1-A9Z8-TP	polyA				
455	PRAD-V1-A9Z9-TP	polyA				
456	PRAD-V1-A9ZG-TP	polyA	TMPRSS2--ERG	40	89	1.7690000000000001
457	PRAD-V1-A9ZI-TP	polyA				
458	PRAD-V1-A9ZR-TP	polyA	CLTC--ETV4	10	30	0.8405
459	PRAD-VN-A88N-TP	polyA				
460	PRAD-VN-A88O-TP	polyA				
461	PRAD-VN-A88R-TP	polyA				
462	PRAD-VN-A943-TP	polyA				
463	PRAD-VP-A872-TP	polyA	TMPRSS2--ERG	10	34	0.8682
464	PRAD-VP-A875-TP	polyA	TMPRSS2--ERG	62	37	1.2774
465	PRAD-VP-AA1N-TP	polyA				
466	PRAD-WW-A8ZI-TP	polyA				
467	PRAD-X4-A8KQ-TP	polyA	TMPRSS2--ERG	36	199	5.5454
468	PRAD-X4-A8KS-TP	polyA				
469	PRAD-XA-A8JR-TP	polyA				
470	PRAD-XJ-A83F-TP	polyA	TMPRSS2--ERG	190	457	11.444
471	PRAD-XJ-A83G-TP	polyA				
472	PRAD-XJ-A9DI-TP	polyA	TMPRSS2--ERG	21	33	1.0429
473	PRAD-XJ-A9DK-TP	polyA	TMPRSS2--ERG	4	11	0.2655
474	PRAD-XJ-A9DQ-TP	polyA	SLC45A3--ERG	13	92	1.5212
475	PRAD-XJ-A9DX-TP	polyA				
476	PRAD-XK-AAIR-TP	polyA				
477	PRAD-XK-AAIV-TP	polyA	NDRG1--MYC	12	92	2.9946
478	PRAD-XK-AAIW-TP	polyA				
479	PRAD-XK-AAJ3-TP	polyA				
480	PRAD-XK-AAJA-TP	polyA				
481	PRAD-XK-AAJP-TP	polyA				
482	PRAD-XK-AAJR-TP	polyA				
483	PRAD-XK-AAJT-TP	polyA				
484	PRAD-XK-AAK1-TP	polyA				
485	PRAD-XQ-A8TA-TP	polyA				
486	PRAD-XQ-A8TB-TP	polyA	TMPRSS2--ERG	58	32	1.449
487	PRAD-Y6-A8TL-TP	polyA				
488	PRAD-Y6-A9XI-TP	polyA				
489	PRAD-YJ-A8SW-TP	polyA				
490	PRAD-YL-A8HJ-TP	polyA	TMPRSS2--ERG	152	106	3.7785
491	PRAD-YL-A8HK-TP	polyA	TMPRSS2--ERG	33	106	2.0586
492	PRAD-YL-A8HL-TP	polyA	TMPRSS2--ERG	188	123	4.8708
493	PRAD-YL-A8HM-TP	polyA				
494	PRAD-YL-A8HO-TP	polyA				
495	PRAD-YL-A8S8-TP	polyA				
496	PRAD-YL-A8S9-TP	polyA				
497	PRAD-YL-A8SA-TP	polyA	TMPRSS2--ERG	46	126	3.3023
498	PRAD-YL-A8SB-TP	polyA				
499	PRAD-YL-A8SC-TP	polyA	TMPRSS2--ETV1	587	570	16.1129
500	PRAD-YL-A8SF-TP	polyA	TMPRSS2--ERG	76	288	5.2771
501	PRAD-YL-A8SH-TP	polyA				
502	PRAD-YL-A8SI-TP	polyA				
503	PRAD-YL-A8SJ-TP	polyA				
504	PRAD-YL-A8SK-TP	polyA				
505	PRAD-YL-A8SL-TP	polyA	TMPRSS2--ERG	108	61	2.9292
506	PRAD-YL-A8SO-TP	polyA				
507	PRAD-YL-A8SP-TP	polyA	TMPRSS2--ERG	44	47	1.3434
508	PRAD-YL-A8SQ-TP	polyA				
509	PRAD-YL-A8SR-TP	polyA				
510	PRAD-YL-A9WH-TP	polyA				
511	PRAD-YL-A9WI-TP	polyA				
512	PRAD-YL-A9WJ-TP	polyA				
513	PRAD-YL-A9WK-TP	polyA				
514	PRAD-YL-A9WL-TP	polyA	TMPRSS2--ERG	104	233	3.8175
515	PRAD-YL-A9WL-TP	polyA	BIRC6--EML4	2	8	0.1133
516	PRAD-YL-A9WX-TP	polyA	TMPRSS2--ERG	38	28	0.7311
517	PRAD-YL-A9WX-TP	polyA	SLC45A3--ERG	6	15	0.2327
518	PRAD-YL-A9WY-TP	polyA				
519	PRAD-ZG-A8QW-TP	polyA				
520	PRAD-ZG-A8QX-TP	polyA				
521	PRAD-ZG-A8QY-TP	polyA				
522	PRAD-ZG-A8QZ-TP	polyA	TMPRSS2--ERG	48	73	1.8346
523	PRAD-ZG-A9KY-TP	polyA				
524	PRAD-ZG-A9L0-TP	polyA				
525	PRAD-ZG-A9L1-TP	polyA	TMPRSS2--MLLT3	45	89	3.5962
526	PRAD-ZG-A9L1-TP	polyA	TMPRSS2--ERG	38	18	1.5029
527	PRAD-ZG-A9L2-TP	polyA	TMPRSS2--ERG	15	17	0.4862
528	PRAD-ZG-A9L4-TP	polyA	TMPRSS2--ERG	51	53	1.4358
529	PRAD-ZG-A9L5-TP	polyA	TMPRSS2--ETV5	335	1565	18.3965
530	PRAD-ZG-A9L6-TP	polyA				
531	PRAD-ZG-A9L9-TP	polyA	TMPRSS2--ERG	7	8	0.2929
532	PRAD-ZG-A9LB-TP	polyA				
533	PRAD-ZG-A9LM-TP	polyA				
534	PRAD-ZG-A9LN-TP	polyA	TCF7L2--VTI1A	2	7	0.1523
535	PRAD-ZG-A9LS-TP	polyA				
536	PRAD-ZG-A9LU-TP	polyA				
537	PRAD-ZG-A9LY-TP	polyA	KLK2--ETV1	885	3301	65.9911
538	PRAD-ZG-A9LZ-TP	polyA	TMPRSS2--ERG	153	78	3.1396
539	PRAD-ZG-A9M4-TP	polyA				
540	PRAD-ZG-A9MC-TP	polyA	TMPRSS2--ERG	8	9	0.3417
541	PRAD-ZG-A9N3-TP	polyA	TMPRSS2--ERG	13	5	0.7114
542	PRAD-ZG-A9ND-TP	polyA				
543	PRAD-ZG-A9NI-TP	polyA				
544	PROS01448-1115161-Tumor-SM-5SGU1	polyA				
545	PROS01448-1115183-Tumor-SM-5SGU3	polyA	TMPRSS2--ERG	192	0	2.8323
546	PROS01448-1115183-Tumor-SM-5SGU3	polyA	GNA11--CALR	9	0	0.1328
547	PROS01448-1115202-Tumor-SM-5SGU5	polyA				
548	PROS01448-1115244-Tumor-SM-5SGU6	polyA	TMPRSS2--ERG	49	0	0.8171
549	PROS01448-6115219-Tumor-SM-67ERS	polyA	SLC45A3--ERG	331	0	4.7755
550	PROS01448-6115224-Tumor-SM-67ERT	polyA	TMPRSS2--ETV4	44	0	0.6667
551	PROS01448-6115227-Tumor-SM-67ERU	polyA				
552	PROS01448-6115233-Tumor-SM-67ERW	polyA				
553	PROS01448-6115234-Tumor-SM-67ERX	polyA	TMPRSS2--ERG	63	0	0.8172
554	PROS01448-6115235-Tumor-SM-67ERY	polyA				
555	PROS01448-6115237-Tumor-SM-67ERZ	polyA				
556	PROS01448-6115242-Tumor-SM-67ES1	polyA				
557	PROS01448-6115247-Tumor-SM-67ES2	polyA	TMPRSS2--ERG	83	0	1.3883
558	PROS01448-6115251-Tumor-SM-67ES6	polyA				
559	PROS10448-1115150-Tumor-SM-5EEBK	polyA				
560	PROS10448-1115154-Tumor-SM-5EEBM	polyA	TMPRSS2--ERG	40	0	1.1106
561	PROS10448-1115156-Tumor-SM-5EEBN	polyA	TMPRSS2--ERG	90	0	2.1064
562	PROS10448-1115157-Tumor-SM-5EEBO	polyA	TMPRSS2--ERG	35	0	0.7714
563	PROS12319B-SU2C-06115114-Tumor-SM-4W2N9	polyA				
564	PROS12319B-SU2C-06115115-Tumor-SM-4W2NA	polyA	TMPRSS2--ETV4	40	0	0.6024
565	PROS12319B-SU2C-06115116-Tumor-SM-4W2NB	polyA				
566	PROS12319B-SU2C-06115117-Tumor-SM-4W2NC	polyA	TMPRSS2--ERG	15	0	0.3171
567	PROS12319B-SU2C-06115118-Tumor-SM-4W2ND	polyA	SLC45A3--ETV1	1012	0	18.4265
568	PROS12319B-SU2C-06115119-Tumor-SM-4W2NE	polyA				
569	PROS12319B-SU2C-06115121-Tumor-SM-4W2NG	polyA	TMPRSS2--ERG	7	0	0.1074
570	PROS12319B-SU2C-06115122-Tumor-SM-4W2NH	polyA	TMPRSS2--ERG	23	0	0.3639
571	PROS12319B-SU2C-06115123-Tumor-SM-4W2NI	polyA				
572	SC_9001-Tumor_Liver1	tcap				
573	SC_9007-Tumor	tcap				
574	SC_9008-Tumor	tcap				
575	SC_9010-Tumor	tcap	CUX1--PDE4DIP	27	0	0.4795
576	SC_9011-Tumor	tcap	TMPRSS2--ETV5	309	0	6.2027
577	SC_9012-Tumor	tcap				
578	SC_9016-Tumor	tcap	TMPRSS2--ERG	539	0	14.052999999999999
579	SC_9017-Tumor	tcap	TMPRSS2--ERG	11	0	0.2718
580	SC_9018-Tumor	tcap	TMPRSS2--ERG	120	0	3.1871
581	SC_9019-Tumor	tcap				
582	SC_9021-Tumor	tcap				
583	SC_9022-Tumor	tcap	TMPRSS2--ERG	86	0	1.5567
584	SC_9022-Tumor	tcap	NSD1--FGFR4	20	0	0.36200000000000004
585	SC_9023-Tumor	tcap				
586	SC_9024-Tumor	tcap				
587	SC_9026-Tumor	tcap	TMPRSS2--ERG	62	0	1.1222
588	SC_9027-Tumor	tcap	YWHAE--ETV1	209	0	4.053999999999999
589	SC_9028-Tumor	tcap				
590	SC_9029-Tumor	tcap				
591	SC_9030-Tumor	tcap				
592	SC_9031-TM	tcap				
593	SC_9032-Tumor	tcap				
594	SC_9034-Tumor	tcap	TMPRSS2--ERG	182	0	3.4043
595	SC_9035-Tumor	tcap	TMPRSS2--ERG	147	0	2.5125
596	SC_9036-Tumor	tcap				
597	SC_9038-Tumor	polyA				
598	SC_9039-Tumor	tcap				
599	SC_9043-Tumor	tcap	TMPRSS2--ERG	300	0	5.9664
600	SC_9046-Tumor	tcap	TMPRSS2--ERG	220	0	5.2909
601	SC_9047-Tumor	tcap				
602	SC_9048-Tumor	tcap				
603	SC_9049-Tumor	tcap	TMPRSS2--ERG	103	0	2.8569
604	SC_9054-Tumor	tcap				
605	SC_9055-Tumor	tcap				
606	SC_9056-Tumor	tcap	TMPRSS2--ERG	78	0	2.0821
607	SC_9058-Tumor	tcap				
608	SC_9059-Tumor	tcap	TMPRSS2--ERG	52	0	1.3409
609	SC_9060-Tumor	tcap	TMPRSS2--ERG	10	0	0.2273
610	SC_9061-Tumor	tcap	TMPRSS2--ERG	129	0	2.4979
611	SC_9063-Tumor	tcap	TMPRSS2--ERG	129	0	3.3932
612	SC_9065-Tumor	tcap				
613	SC_9068-Tumor	tcap	SLC45A3--ERG	103	0	2.0337
614	SC_9071-TM	tcap	TMPRSS2--ERG	25	0	0.5381
615	SC_9072-TM	tcap				
616	SC_9073-TM	tcap				
617	SC_9076-TM	tcap				
618	SC_9080-TM	tcap				
619	SC_9081-TM	tcap				
620	SC_9082-TM	tcap				
621	SC_9083-TM	tcap				
622	SC_9084-TM	tcap				
623	SC_9086-TM	tcap	TMPRSS2--ERG	111	0	2.7638
624	SC_9090_T	tcap				
625	SC_9091-TM	tcap				
626	SC_9092-TM	tcap	TMPRSS2--ERG	131	0	2.6593
627	SC_9093-TM	tcap				
628	SC_9094-Tumor	tcap				
629	SC_9096-Tumor	tcap				
630	SC_9097-TM	tcap	TMPRSS2--ERG	48	0	0.9355
631	SC_9099-Tumor	tcap	SLC45A3--ERG	138	0	2.6023
632	SC_9100-Tumor	tcap				
633	SC_9103-Tumor	tcap				
634	SC_9104-Tumor	tcap	TMPRSS2--ERG	166	0	3.4358
635	SC_9105_Tumor	tcap	TMPRSS2--ERG	211	0	3.8835
636	SC_9107-Tumor	tcap	TMPRSS2--ERG	66	0	2.0353
637	SC_9109-Tumor	tcap	TMPRSS2--ERG	335	0	6.5268
638	SC_9118_Tumor	tcap	TMPRSS2--ERG	44	0	1.0326
639	SC_9121_Tumor	tcap				
640	SC_9123_Tumor	tcap				
641	SC_9124_Tumor	tcap	TMPRSS2--ERG	69	0	1.3398
642	SC_9126_Tumor	tcap				
643	SC_9129_Tumor	tcap	SLC45A3--ETV1	872	0	17.0235
644	SC_9132_Tumor	tcap	TMPRSS2--ERG	138	0	2.4485
645	SC_9136_Tumor	tcap	TMPRSS2--ERG	22	0	0.4602
646	SC_9136_Tumor	tcap	ARHGAP5--ATF1	11	0	0.2301
647	SC_9137_Tumor	tcap	TMPRSS2--ERG	157	0	2.9083
648	SC_9138_Tumor	tcap				
649	SC_9139_Tumor	tcap				
650	SC_9140_Tumor	tcap				
651	SC_9141_Tumor	tcap				
652	SC_9142_Tumor	tcap				
653	SC_9144_Tumor	tcap				
654	SC_9145_Tumor	tcap				
655	SC_9148_Tumor	tcap				
656	SC_9150_Tumor	tcap	TMPRSS2--ERG	480	0	12.0834
657	SC_9151_Tumor	tcap				
658	SC_9153_Tumor	tcap	TMPRSS2--ERG	63	0	1.1636
659	SC_9156_Tumor	tcap				
660	SC_9158_Tumor	tcap				
661	SC_9162_Tumor	tcap	TMPRSS2--ERG	62	0	1.0899
662	SC_9163_Tumor	tcap	TMPRSS2--ERG	143	0	2.7637
663	SC_9165_Tumor	tcap				
664	SC_9171_Tumor	tcap				
665	SC_9172_Tumor	tcap	TMPRSS2--ERG	291	0	5.1165
666	SC_9173_Tumor	tcap	TMPRSS2--ERG	273	0	5.3457
667	SC_9173_Tumor	tcap	NCOA2--NSD3	42	0	0.8224
668	SI_9157_Tumor	tcap				
669	TP_2001-Tumor	tcap	TMPRSS2--ERG	734	0	12.6442
670	TP_2010-Tumor	tcap				
671	TP_2020-Tumor	tcap				
672	TP_2032-Tumor	tcap				
673	TP_2034-Tumor-Bone-Block-3B	tcap	TMPRSS2--ERG	111	0	2.5582
674	TP_2054-TM	tcap	TMPRSS2--ERG	24	0	0.3957
675	TP_2060-TM	tcap				
676	TP_2061-TM	tcap	TBL1XR1--PIK3CA	267	0	5.0471
677	TP_2064-TM	tcap				
678	TP_2069_Tumor	tcap	TMPRSS2--ERG	166	0	3.4744
679	TP_2077_Tumor	tcap	TMPRSS2--ERG	272	0	5.6853
680	TP_2078_Tumor	tcap				
681	TP_2079_Tumor	tcap	TMPRSS2--ERG	472	0	8.496
